network,State,Station_ID,Site_ID,Site_Name,Latitude,Longitude,Elevation_ft,Elevation_m
SNTL    ,CA,20H13S ,301,ADIN MTN,41.23583,-120.79192,6190,1887
SNTL    ,UT,12M26S ,907,AGUA CANYON,37.52232,-112.27118,8900,2713
SNTL    ,MT,11D28S ,916,ALBRO LAKE,45.5971,-111.95917,8300,2530
SNTL    ,WA,21B48S ,908,ALPINE MEADOWS,47.77957,-121.69847,3500,1067
SNTL    ,NV,15J17S ,1198,AMERICAN BEAUTY,40.5337,-115.4576,7800,2377
SNTL    ,AK,41P07S ,1189,AMERICAN CREEK,64.78969,-141.23376,1050,320
SNTL    ,AK,51K05S ,1062,ANCHOR RIVER DIVIDE,59.85972,-151.315,1653,504
SNTL    ,AK,49M22S ,1070,ANCHORAGE HILLSIDE,61.11483,-149.66683,2080,634
SNTL    ,OR,17D02S ,302,ANEROID LAKE #2,45.21328,-117.19258,7400,2256
SNTL    ,OR,22G06S ,1000,ANNIE SPRINGS,42.87007,-122.16518,6010,1832
SNTL    ,CO,05M07S ,303,APISHAPA,37.33062,-105.06749,10000,3048
SNTL    ,CO,06J08S ,1030,ARAPAHO RIDGE,40.35098,-106.38142,10960,3341
SNTL    ,OR,19D02S ,304,ARBUCKLE MTN,45.19085,-119.25392,5770,1759
SNTL    ,CO,05K06S ,305,ARROW,39.9155,-105.76083,9680,2950
SNTL    ,MT,14A19S ,1165,ASHLEY DIVIDE,48.20178,-114.515,4820,1469
SNTL    ,AK,49T03S ,957,ATIGUN PASS,68.12983,-149.47817,4800,1463
SNTL    ,ID,15F04S ,306,ATLANTA SUMMIT,43.7569,-115.23907,7580,2310
SNTL    ,MT,13A15S ,307,BADGER PASS,48.13088,-113.02317,6900,2103
SNTL    ,AZ,11R06S ,308,BAKER BUTTE,34.4566,-111.40643,7300,2225
SNTL    ,AZ,11R07S ,1140,BAKER BUTTE SMT,34.45547,-111.38272,7700,2347
SNTL    ,WY,07E21S ,309,BALD MTN.,44.8007,-107.84442,9380,2859
SNTL    ,AZ,09S01S ,310,BALDY,33.97883,-109.50344,9125,2781
SNTL    ,MT,15A08S ,311,BANFIELD MOUNTAIN,48.5712,-115.44573,5600,1707
SNTL    ,ID,15E11S ,312,BANNER SUMMIT,44.30342,-115.23447,7040,2146
SNTL    ,MT,13C44S ,313,BARKER LAKES,46.09713,-113.13038,8250,2515
SNTL    ,WY,10F02S ,314,BASE CAMP,43.94583,-110.44677,7030,2143
SNTL    ,MT,12D09S ,315,BASIN CREEK,45.79737,-112.52047,7180,2188
SNTL    ,MT,14B03S ,1190,BASSOO PEAK,47.85573,-114.76387,5150,1570
SNTL    ,NM,06N04S ,316,BATEMAN,36.51216,-106.32129,9300,2835
SNTL    ,WY,07H04S ,317,BATTLE MOUNTAIN,41.05413,-107.26609,7440,2268
SNTL    ,MT,12E08S ,318,BEAGLE SPRINGS,44.47157,-112.98195,8850,2697
SNTL    ,ID,16E11S ,319,BEAR BASIN,44.95222,-116.14293,5350,1631
SNTL    ,ID,13F03S ,320,BEAR CANYON,43.74367,-113.93797,7900,2408
SNTL    ,NV,15H01S ,321,BEAR CREEK,41.83417,-115.45222,8040,2451
SNTL    ,OR,22E10S ,1166,BEAR GRASS,44.3253,-122.0878,4720,1439
SNTL    ,CO,05J39S ,322,BEAR LAKE,40.31118,-105.64483,9500,2896
SNTL    ,ID,16A08S ,323,BEAR MOUNTAIN,48.30577,-116.07448,5400,1646
SNTL    ,CO,07J03S ,1061,BEAR RIVER,40.06153,-107.00955,9080,2768
SNTL    ,UT,10J17S ,992,BEAR RIVER RS,40.8859,-110.82763,8500,2591
SNTL    ,ID,16E10S ,324,BEAR SADDLE,44.60553,-116.98008,6180,1884
SNTL    ,WY,07F01S ,325,BEAR TRAP MEADOW,43.88743,-107.06135,8200,2499
SNTL    ,WY,09E10S ,326,BEARTOOTH LAKE,44.94302,-109.56747,9360,2853
SNTL    ,CO,07M32S ,327,BEARTOWN,37.71409,-107.51212,11600,3536
SNTL    ,CO,06K45S ,1041,BEAVER CK VILLAGE,39.59917,-106.51142,8500,2591
SNTL    ,MT,11E38S ,328,BEAVER CREEK,44.9495,-111.35858,7850,2393
SNTL    ,UT,11K13S ,329,BEAVER DAMS,39.13692,-111.55813,7970,2429
SNTL    ,UT,11J46S ,330,BEAVER DIVIDE,40.61238,-111.09782,8280,2524
SNTL    ,AZ,09S06S ,902,BEAVER HEAD,33.69144,-109.21657,7990,2435
SNTL    ,WA,21A01S ,990,BEAVER PASS,48.8793,-121.2555,3630,1106
SNTL    ,OR,18D09S ,331,BEAVER RESERVOIR,45.14532,-118.219,5150,1570
SNTL    ,AZ,09N05S ,1143,BEAVER SPRING,36.32678,-109.05711,9200,2804
SNTL    ,UT,11H08S ,332,BEN LOMOND PEAK,41.376,-111.94407,8000,2438
SNTL    ,UT,11H30S ,333,BEN LOMOND TRAIL,41.38285,-111.92105,5829,1777
SNTL    ,AK,50M05S ,1086,BENTALIT LODGE,61.93683,-150.98267,150,46
SNTL    ,NV,14K02S ,334,BERRY CREEK,39.31917,-114.62278,9100,2774
SNTL    ,CO,05K14S ,335,BERTHOUD SUMMIT,39.80392,-105.77789,11300,3444
SNTL    ,AK,51R01S ,1182,BETTLES FIELD,66.91667,-151.53333,640,195
SNTL    ,UT,12J02S ,1214,BEVANS CABIN,40.46233,-112.2529,6430,1960
SNTL    ,NV,15H04S ,336,BIG BEND,41.76168,-115.6931,6700,2042
SNTL    ,NV,17K04S ,337,BIG CREEK SUM,39.29158,-117.11415,8695,2650
SNTL    ,ID,15E02S ,338,BIG CREEK SUMMIT,44.62642,-115.7937,6580,2006
SNTL    ,UT,12L07S ,339,BIG FLAT,38.30187,-112.35672,10349,3154
SNTL    ,WY,07E32S ,931,BIG GOOSE,44.57915,-107.20085,7990,2435
SNTL    ,NV,19K08S ,340,BIG MEADOW,39.45503,-119.94222,8249,2514
SNTL    ,OR,22G21S ,341,BIG RED MOUNTAIN,42.05257,-122.85487,6050,1844
SNTL    ,WY,09G09S ,342,BIG SANDY OPENING,42.64682,-109.25965,9080,2768
SNTL    ,OR,23G15S ,343,BIGELOW CAMP,42.07875,-123.34393,5130,1564
SNTL    ,OR,22G13S ,344,BILLIE CREEK DIVIDE,42.40717,-122.26617,5280,1609
SNTL    ,NV,14K01S ,1155,BIRD CREEK,39.46175,-114.64947,7900,2408
SNTL    ,CO,07K12S ,345,BISON LAKE,39.76487,-107.35681,10880,3316
SNTL    ,MT,13B25S ,346,BISSON CREEK,47.68387,-113.99907,4920,1500
SNTL    ,MT,11E35S ,347,BLACK BEAR,44.50832,-111.12803,8170,2490
SNTL    ,UT,11L04S ,348,BLACK FLAT-U.M. CK,38.67985,-111.59772,9462,2884
SNTL    ,CO,05J28S ,1161,BLACK MOUNTAIN,40.888,-105.66397,8920,2719
SNTL    ,MT,13C13S ,349,BLACK PINE,46.414,-113.43095,7210,2198
SNTL    ,WY,06H26S ,1119,BLACKHALL MTN,41.05616,-106.71384,9820,2993
SNTL    ,UT,10J22S ,1162,BLACKS FORK JCT,40.95833,-110.58255,8870,2704
SNTL    ,MT,14B04S ,1144,BLACKTAIL MTN,47.98288,-114.2543,5650,1722
SNTL    ,WY,09E13S ,350,BLACKWATER,44.37667,-109.79333,9780,2981
SNTL    ,OR,21D33S ,351,BLAZED ALDER,45.4287,-121.85605,3650,1113
SNTL    ,WA,20B02S ,352,BLEWETT PASS,47.35037,-120.6796,4240,1292
SNTL    ,WY,10G02S ,353,BLIND BULL SUM,42.964,-110.60973,8650,2637
SNTL    ,SD,03E03S ,354,BLIND PARK,44.10762,-103.9768,6890,2100
SNTL    ,MT,13D10S ,355,BLOODY DICK,45.1651,-113.50093,7600,2316
SNTL    ,CA,19L05S ,356,BLUE LAKES,38.6078,-119.92443,8057,2456
SNTL    ,OR,18E16S ,357,BLUE MOUNTAIN SPRING,44.24767,-118.51722,5870,1789
SNTL    ,ID,16F02S ,978,BOGUS BASIN,43.76377,-116.09685,6340,1932
SNTL    ,WY,07E18S ,358,BONE SPRINGS DIV,44.67888,-107.5811,9350,2850
SNTL    ,ID,14G01S ,359,BOSTETTER R.S.,42.16389,-114.1925,7500,2286
SNTL    ,MT,11C01S ,360,BOULDER MOUNTAIN,46.5596,-111.28973,7950,2423
SNTL    ,OR,18E05S ,361,BOURNE,44.83052,-118.18787,5850,1783
SNTL    ,OR,18D20S ,362,BOWMAN SPRINGS,45.36428,-118.46715,4530,1381
SNTL    ,MT,10D31S ,363,BOX CANYON,45.27163,-110.24935,6670,2033
SNTL    ,UT,12L04S ,364,BOX CREEK,38.508,-112.0186,9828,2996
SNTL    ,MT,10D35S ,365,BRACKETT CREEK,45.8911,-110.93852,7320,2231
SNTL    ,UT,12M14S ,1154,BRIAN HEAD,37.68025,-112.85653,9972,3039
SNTL    ,UT,11J57S ,366,BRIGHTON,40.59917,-111.58268,8750,2667
SNTL    ,NV,15N09S ,1111,BRISTLECONE TRAIL,36.31575,-115.69543,8979,2737
SNTL    ,WY,06H13S ,367,BROOKLYN LAKE,41.35885,-106.23209,10240,3121
SNTL    ,UT,10J30S ,368,BROWN DUCK,40.58105,-110.58583,10600,3231
SNTL    ,WA,21A28S ,1080,BROWN TOP,48.92755,-121.19713,5830,1777
SNTL    ,CO,06K40S ,369,BRUMLEY,39.08766,-106.5417,10600,3231
SNTL    ,ID,16D09S ,370,BRUNDAGE RESERVOIR,45.04315,-116.13253,6250,1905
SNTL    ,UT,11K31S ,371,BUCK FLAT,39.134,-111.43727,9430,2874
SNTL    ,UT,10J23S ,1192,BUCK PASTURE,40.8446,-110.66075,9700,2957
SNTL    ,UT,09M01S ,1153,BUCKBOARD FLAT,37.86943,-109.44717,8998,2743
SNTL    ,WA,23B18S ,1107,BUCKINGHORSE,47.7086,-123.45747,4870,1484
SNTL    ,CO,06K16S ,938,BUCKSKIN JOE,39.3035,-106.11307,11150,3399
SNTL    ,NV,17H02S ,373,BUCKSKIN LOWER,41.75067,-117.53182,6915,2108
SNTL    ,CO,06J18S ,913,BUFFALO PARK,40.22861,-106.59528,9240,2816
SNTL    ,UT,11H37S ,374,BUG LAKE,41.68467,-111.41915,7950,2423
SNTL    ,WA,21C38S ,375,BUMPING RIDGE,46.81003,-121.33058,4610,1405
SNTL    ,WA,17A01S ,376,BUNCHGRASS MDW,48.68688,-117.17633,5000,1524
SNTL    ,WY,07E33S ,377,BURGESS JUNCTION,44.78765,-107.52917,7880,2402
SNTL    ,CA,19L41S ,1051,BURNSIDE LAKE,38.71943,-119.8942,8129,2478
SNTL    ,WA,21B63S ,942,BURNT MOUNTAIN,47.0444,-121.94032,4170,1271
SNTL    ,MT,09D21S ,981,BURNT MTN,45.24013,-109.45942,5880,1792
SNTL    ,CO,07K02S ,378,BURRO MOUNTAIN,39.87505,-107.59853,9400,2865
SNTL    ,WY,09F04S ,379,BURROUGHS CREEK,43.69745,-109.67018,8750,2667
SNTL    ,UT,10J06S ,1135,BURTS MILLER RANCH,40.98492,-110.85075,8000,2438
SNTL    ,CO,06L11S ,380,BUTTE,38.89433,-106.953,10160,3097
SNTL    ,WA,22D01S ,1109,CALAMITY,45.90362,-122.21633,2500,762
SNTL    ,MT,13D26S ,381,CALVERT CREEK,45.8838,-113.32553,6430,1960
SNTL    ,ID,15F09S ,382,CAMAS CREEK DIVIDE,43.26548,-115.3453,5710,1740
SNTL    ,UT,09M02S ,383,CAMP JACKSON,37.81333,-109.48752,8968,2733
SNTL    ,WY,10E03S ,384,CANYON,44.71943,-110.51105,7870,2399
SNTL    ,MT,11E29S ,385,CARROT BASIN,44.96192,-111.29403,9000,2743
SNTL    ,CA,19L45S ,1067,CARSON PASS,38.69308,-119.99335,8353,2546
SNTL    ,CO,07M05S ,386,CASCADE,37.65083,-107.80602,8880,2707
SNTL    ,CO,07M35S ,387,CASCADE #2,37.658,-107.80268,8920,2719
SNTL    ,UT,11J70S ,1039,CASCADE MOUNTAIN,40.28302,-111.60992,7702,2348
SNTL    ,OR,22F03S ,388,CASCADE SUMMIT,43.59042,-122.0601,5100,1554
SNTL    ,WY,06G01S ,389,CASPER MTN.,42.73389,-106.31861,7900,2408
SNTL    ,WY,09F20S ,1130,CASTLE CREEK,43.6748,-109.3774,8400,2560
SNTL    ,UT,12M13S ,390,CASTLE VALLEY,37.66083,-112.74095,9580,2920
SNTL    ,NV,14K08S ,1152,CAVE MOUNTAIN,39.16357,-114.61158,10510,3203
SNTL    ,WA,21C41S ,1085,CAYUSE PASS,46.86954,-121.5343,5240,1597
SNTL    ,CA,20H06S ,391,CEDAR PASS,41.58233,-120.3025,7030,2143
SNTL    ,AZ,12P01S ,1139,CHALENDER,35.26247,-112.06231,7100,2164
SNTL    ,UT,11J01S ,392,CHALK CREEK #1,40.85458,-111.04777,8993,2741
SNTL    ,UT,11J02S ,393,CHALK CREEK #2,40.88533,-111.06932,8158,2487
SNTL    ,NM,06N03S ,394,CHAMITA,36.95636,-106.65682,8400,2560
SNTL    ,CO,06K46S ,1101,CHAPMAN TUNNEL,39.26217,-106.62931,10110,3082
SNTL    ,OR,21F22S ,395,CHEMULT ALTERNATE,43.22625,-121.80662,4850,1478
SNTL    ,UT,10J43S ,396,CHEPETA,40.77483,-110.00983,10592,3228
SNTL    ,AK,42N01S ,1093,CHISANA,62.069,-142.049,3320,1012
SNTL    ,ID,14F19S ,895,CHOCOLATE GULCH,43.7685,-114.41812,6440,1963
SNTL    ,WY,06H24S ,1046,CINNABAR PARK,41.23837,-106.23095,9574,2918
SNTL    ,OR,21D13S ,398,CLACKAMAS LAKE,45.09658,-121.75443,3400,1036
SNTL    ,UT,11M06S ,983,CLAYTON SPRINGS,37.972,-111.83317,10049,3063
SNTL    ,UT,11K21S ,399,CLEAR CREEK #1,39.86633,-111.283,8908,2715
SNTL    ,UT,11K22S ,400,CLEAR CREEK #2,39.89283,-111.25067,7659,2334
SNTL    ,OR,21D12S ,401,CLEAR LAKE,45.18832,-121.6916,3810,1161
SNTL    ,WY,07E36S ,402,CLOUD PEAK RESERVOIR,44.40343,-107.06057,9860,3005
SNTL    ,MT,11D08S ,403,CLOVER MEADOW,45.01788,-111.8456,8600,2621
SNTL    ,CO,06L06S ,1059,COCHETOPA PASS,38.16283,-106.59883,10020,3054
SNTL    ,WY,09F25S ,405,COLD SPRINGS,43.27678,-109.44582,9630,2935
SNTL    ,OR,22G24S ,406,COLD SPRINGS CAMP,42.53305,-122.17683,5940,1811
SNTL    ,AK,50S01S ,958,COLDFOOT,67.25333,-150.183,1040,317
SNTL    ,WY,04E07S ,982,COLE CANYON,44.48632,-104.41043,5910,1801
SNTL    ,MT,09D16S ,407,COLE CREEK,45.19403,-109.34548,7850,2393
SNTL    ,NV,16H06S ,1204,COLUMBIA BASIN,41.6716,-116.0703,6650,2027
SNTL    ,CO,06J03S ,408,COLUMBINE,40.3948,-106.60408,9160,2792
SNTL    ,CO,08L02S ,409,COLUMBINE PASS,38.41795,-108.38249,9400,2865
SNTL    ,CO,08M10S ,904,COLUMBUS BASIN,37.44147,-108.02445,10785,3287
SNTL    ,MT,13C33S ,410,COMBINATION,46.46523,-113.39358,5600,1707
SNTL    ,ID,15C16S ,411,COOL CREEK,46.76361,-115.29528,6280,1914
SNTL    ,AK,49L10S ,959,COOPER LAKE,60.39027,-149.6936,1200,366
SNTL    ,CO,05J18S ,412,COPELAND LAKE,40.20778,-105.56861,8600,2621
SNTL    ,MT,12B16S ,413,COPPER BOTTOM,47.05678,-112.595,5200,1585
SNTL    ,MT,12B14S ,414,COPPER CAMP,47.08158,-112.72955,6950,2118
SNTL    ,CO,06K24S ,415,COPPER MOUNTAIN,39.48954,-106.17095,10550,3216
SNTL    ,NV,15L02S,1209,CORDUROY FLAT,38.9965,-115.4245,8720,2658
SNTL    ,AZ,09S07S ,416,CORONADO TRAIL,33.80392,-109.15282,8400,2560
SNTL    ,NV,15J12S ,417,CORRAL CANYON,40.27783,-115.53467,8500,2591
SNTL    ,WA,21B13S ,418,CORRAL PASS,47.01872,-121.46464,5800,1768
SNTL    ,WY,10G25S ,419,COTTONWOOD CREEK,42.6459,-110.81482,7670,2338
SNTL    ,WA,21B42S ,420,COUGAR MOUNTAIN,47.27666,-121.67138,3200,975
SNTL    ,OR,18D08S ,422,COUNTY LINE,45.19107,-118.55015,4830,1472
SNTL    ,ID,15E08S ,423,COZY COVE,44.28783,-115.65527,5380,1640
SNTL    ,ID,11E37S ,424,CRAB CREEK,44.43672,-111.99348,6860,2091
SNTL    ,ID,15C09S ,425,CRATER MEADOWS,46.56306,-115.28833,5960,1817
SNTL    ,OR,20G12S ,1010,CRAZYMAN FLAT,42.6381,-120.94917,6180,1884
SNTL    ,CO,07J04S ,426,CROSHO,40.16745,-107.0575,9100,2774
SNTL    ,WY,05H02S ,1045,CROW CREEK,41.2287,-105.38278,8330,2539
SNTL    ,CA,20H02S ,977,CROWDER FLAT,41.89318,-120.75202,5170,1576
SNTL    ,MT,09C01S ,427,CRYSTAL LAKE,46.78942,-109.51205,6050,1844
SNTL    ,CA,20K31S ,428,CSS LAB,39.32565,-120.36807,6855,2089
SNTL    ,CO,05M03S ,430,CULEBRA #2,37.20945,-105.19959,10500,3200
SNTL    ,CO,06M22S ,431,CUMBRES TRESTLE,37.01878,-106.45179,10040,3060
SNTL    ,UT,11J32S ,432,CURRANT CREEK,40.35733,-111.08982,8000,2438
SNTL    ,MT,10C15S ,919,DAISY PEAK,46.66858,-110.33022,7600,2316
SNTL    ,MT,13C39S ,433,DALY CREEK,46.18367,-113.8533,5780,1762
SNTL    ,OR,22E08S ,434,DALY LAKE,44.52147,-122.08718,3690,1125
SNTL    ,UT,11J23S ,435,DANIELS-STRAWBERRY,40.29488,-111.25638,8037,2450
SNTL    ,MT,13D19S ,436,DARKHORSE LAKE,45.17372,-113.58448,8600,2621
SNTL    ,MT,10C09S ,437,DEADMAN CREEK,46.79282,-110.67543,6450,1966
SNTL    ,CO,05J06S ,438,DEADMAN HILL,40.80571,-105.76993,10220,3115
SNTL    ,ID,15E04S ,439,DEADWOOD SUMMIT,44.54483,-115.563,6860,2091
SNTL    ,WY,08G10S ,923,DEER PARK,42.59078,-108.90268,9700,2957
SNTL    ,NV,14K09S ,1210,DEFIANCE MINES,39.0852,-114.8997,9200,2804
SNTL    ,OR,19E03S ,440,DERR.,44.4465,-119.93012,5850,1783
SNTL    ,OR,22F18S ,442,DIAMOND LAKE,43.18787,-122.14003,5280,1609
SNTL    ,NV,15K03S ,443,DIAMOND PEAK,39.5637,-115.84332,8033,2448
SNTL    ,UT,11K15S ,444,DILL&#039;S CAMP,39.04557,-111.46863,9182,2799
SNTL    ,NV,18H01S ,445,DISASTER PEAK,41.96735,-118.18942,6500,1981
SNTL    ,CA,20H12S ,446,DISMAL SWAMP,41.99127,-120.18033,7360,2243
SNTL    ,MT,12E07S ,448,DIVIDE,44.79317,-112.05645,7800,2377
SNTL    ,WY,07H05S ,449,DIVIDE PEAK,41.30398,-107.15241,8880,2707
SNTL    ,ID,14F08S ,450,DOLLARHIDE SUMMIT,43.6025,-114.67417,8420,2566
SNTL    ,WY,07E34S ,451,DOME LAKE,44.57462,-107.29537,8880,2707
SNTL    ,UT,11L05S ,452,DONKEY RESERVOIR,38.20948,-111.4825,9800,2987
SNTL    ,NV,15J01S ,453,DORSEY BASIN,40.89333,-115.20483,8100,2469
SNTL    ,NV,15H24S ,454,DRAW CREEK,41.66198,-115.32397,7200,2195
SNTL    ,UT,11H55S ,455,DRY BREAD POND,41.4131,-111.53783,8350,2545
SNTL    ,UT,12J09S ,906,DRY FORK,40.56517,-112.17328,7093,2162
SNTL    ,CO,06J01S ,457,DRY LAKE,40.53609,-106.7815,8400,2560
SNTL    ,WA,23B16S ,943,DUNGENESS,47.87224,-123.0788,4010,1222
SNTL    ,MT,12A02S ,458,DUPUYER CREEK,48.06343,-112.75733,5750,1753
SNTL    ,AK,45Q05S ,960,EAGLE SUMMIT,65.48588,-145.41212,3650,1113
SNTL    ,MT,10D39S ,1105,EAST BOULDER MINE,45.5037,-110.0802,6335,1931
SNTL    ,WY,10F17S ,460,EAST RIM DIVIDE,43.13097,-110.2023,7930,2417
SNTL    ,UT,09K01S ,461,EAST WILLOW CREEK,39.312,-109.53188,8301,2530
SNTL    ,WA,21A07S ,998,EASY PASS,48.85933,-121.43895,5270,1606
SNTL    ,CA,19L19S ,462,EBBETTS PASS,38.54955,-119.80465,8765,2672
SNTL    ,CO,05K27S ,936,ECHO LAKE,39.65627,-105.59345,10600,3231
SNTL    ,CA,20L06S ,463,ECHO PEAK,38.84903,-120.0785,7670,2338
SNTL    ,UT,10J21S ,1163,EF BLACKS FORK GS,40.88433,-110.53995,9308,2837
SNTL    ,OR,18E03S ,464,EILERTSON MEADOWS,44.86887,-118.11387,5510,1679
SNTL    ,CO,08M06S ,465,EL DIENTE PEAK,37.78617,-108.02155,10000,3048
SNTL    ,WA,21A32S ,910,ELBOW LAKE,48.69092,-121.90893,3040,927
SNTL    ,ID,16C20S ,466,ELK BUTTE,46.83998,-116.12233,5690,1734
SNTL    ,NM,05P04S ,921,ELK CABIN,35.7043,-105.80675,8210,2502
SNTL    ,MT,10C27S ,1106,ELK PEAK,46.4845,-110.7125,7600,2316
SNTL    ,CO,06J15S ,467,ELK RIVER,40.84781,-106.96871,8700,2652
SNTL    ,WY,09F23S ,468,ELKHART PARK G.S.,43.00657,-109.75893,9400,2865
SNTL    ,CO,06K29S ,1120,ELLIOT RIDGE,39.864,-106.4246,10520,3206
SNTL    ,MT,13A24S ,469,EMERY CREEK,48.43412,-113.93725,4350,1326
SNTL    ,OR,18D04S ,470,EMIGRANT SPRINGS,45.55808,-118.45383,3800,1158
SNTL    ,ID,11G06S ,471,EMIGRANT SUMMIT,42.36055,-111.56085,7390,2252
SNTL    ,AK,48L06S ,1071,ESTHER ISLAND,60.798,-148.0857,50,15
SNTL    ,WY,09E11S ,472,EVENING STAR,44.65258,-109.78422,9200,2804
SNTL    ,AK,49L18S ,1092,EXIT GLACIER,60.19033,-149.62117,400,122
SNTL    ,AK,47P03S ,1174,FAIRBANKS F.O.,64.85,-147.8,450,137
SNTL    ,CA,20L10S ,473,FALLEN LEAF,38.93405,-120.05457,6236,1901
SNTL    ,UT,11J11S ,474,FARMINGTON,40.97483,-111.80933,8000,2438
SNTL    ,UT,11J12S ,1054,FARMINGTON LOWER,40.992,-111.81702,6779,2066
SNTL    ,UT,11L01S ,475,FARNSWORTH LAKE,38.77288,-111.67658,9682,2951
SNTL    ,NV,16H08S ,476,FAWN CREEK,41.82098,-116.10153,7000,2134
SNTL    ,OR,18G02S ,477,FISH CREEK,42.70992,-118.6321,7660,2335
SNTL    ,WA,21B04S ,478,FISH LAKE,47.53565,-121.08553,3430,1045
SNTL    ,UT,11L03S ,1149,FISH LAKE UTAH,38.50515,-111.76745,8818,2688
SNTL    ,OR,22G14S ,479,FISH LK.,42.3801,-122.34943,4660,1420
SNTL    ,MT,09D06S ,480,FISHER CREEK,45.06233,-109.94493,9100,2774
SNTL    ,UT,10J26S ,481,FIVE POINTS LAKE,40.71777,-110.46717,10940,3335
SNTL    ,MT,13A19S ,482,FLATTOP MTN.,48.80238,-113.85722,6300,1920
SNTL    ,CO,05K30S ,1186,FOOL CREEK,39.8687,-105.8675,11150,3399
SNTL    ,CA,19L43S ,1049,FORESTDALE CREEK,38.68245,-119.9597,8017,2444
SNTL    ,AZ,11P02S ,1121,FORT VALLEY,35.26806,-111.74486,7350,2240
SNTL    ,AK,45R01S ,961,FORT YUKON,66.5705,-145.24553,430,131
SNTL    ,OR,22G12S ,483,FOURMILE LAKE,42.43933,-122.2288,5970,1820
SNTL    ,ID,11G32S ,484,FRANKLIN BASIN,42.05067,-111.602,8085,2464
SNTL    ,CO,06K08S ,485,FREMONT PASS,39.37991,-106.19681,11400,3475
SNTL    ,NM,08S01S ,486,FRISCO DIVIDE,33.73646,-108.94502,8000,2438
SNTL    ,MT,12C13S ,487,FROHNER MEADOW,46.43545,-112.19277,6480,1975
SNTL    ,AZ,11P13S ,488,FRY,35.07297,-111.84374,7200,2195
SNTL    ,ID,14F17S ,489,GALENA,43.87722,-114.6725,7470,2277
SNTL    ,ID,14F12S ,490,GALENA SUMMIT,43.87497,-114.71363,8780,2676
SNTL    ,NM,05N18S ,491,GALLEGOS PEAK,36.19446,-105.55795,9800,2987
SNTL    ,UT,11H07S ,1114,GARDEN CITY SUMMIT,41.922,-111.46817,7600,2316
SNTL    ,UT,13M07S ,1066,GARDNER PEAK,37.40122,-113.45948,8322,2537
SNTL    ,ID,13F04S ,492,GARFIELD R.S.,43.6104,-113.9308,6560,1999
SNTL    ,MT,15A05S ,918,GARVER CREEK,48.97523,-115.81915,4250,1295
SNTL    ,UT,13H05S ,1151,GEORGE CREEK,41.91582,-113.41158,8994,2741
SNTL    ,OR,21G04S ,945,GERBER RESERVOIR,42.2062,-121.1334,4890,1490
SNTL    ,ID,11G33S ,493,GIVEOUT,42.41322,-111.16632,6930,2112
SNTL    ,CO,05L11S ,1057,GLEN COVE,38.87583,-105.07367,11460,3493
SNTL    ,AK,50R04S ,962,GOBBLERS KNOB,66.745,-150.6675,2030,619
SNTL    ,NV,17J02S ,1195,GOLCONDA,40.884,-117.5879,6560,1999
SNTL    ,WA,18A26S ,1159,GOLD AXE CAMP,48.9516,-118.9864,5360,1634
SNTL    ,OR,18E08S ,494,GOLD CENTER,44.7638,-118.3117,5410,1649
SNTL    ,UT,11L12S ,495,GOOSEBERRY R.S.,38.80035,-111.68325,7950,2423
SNTL    ,UT,11L02S ,1184,GOOSEBERRY R.S. UP,38.78903,-111.6887,8347,2544
SNTL    ,ID,15F14S ,496,GRAHAM GUARD STA.,43.9538,-115.27387,5690,1734
SNTL    ,WY,10F30S ,1082,GRAND TARGHEE,43.77933,-110.92783,9260,2822
SNTL    ,AK,49L09S ,956,GRANDVIEW,60.60832,-149.06313,1100,335
SNTL    ,WY,10F29S ,497,GRANITE CREEK,43.34298,-110.43495,6770,2063
SNTL    ,AK,45O04S ,963,GRANITE CRK,63.94382,-145.39993,1240,378
SNTL    ,NV,17H08S ,498,GRANITE PEAK,41.67042,-117.56663,8543,2604
SNTL    ,WY,10E15S ,499,GRASSY LAKE,44.12612,-110.83435,7265,2214
SNTL    ,MT,14A11S ,500,GRAVE CREEK,48.91453,-114.76663,4300,1311
SNTL    ,WY,07F06S ,501,GRAVE SPRINGS,43.46643,-107.23977,8550,2606
SNTL    ,CO,06M21S ,1058,GRAYBACK,37.47033,-106.53783,11620,3542
SNTL    ,WA,21C10S ,502,GREEN LAKE,46.54741,-121.17093,5920,1804
SNTL    ,NV,15J09S ,503,GREEN MOUNTAIN,40.38433,-115.52517,8000,2438
SNTL    ,OR,21D01S ,504,GREENPOINT,45.62237,-121.70415,3310,1009
SNTL    ,CO,05K09S ,505,GRIZZLY PEAK,39.64645,-105.8694,11100,3383
SNTL    ,WY,10F19S ,506,GROS VENTRE SUMMIT,43.38877,-110.12947,8750,2667
SNTL    ,WA,20B11S ,507,GROUSE CAMP,47.28107,-120.48771,5390,1643
SNTL    ,AK,49L14S ,964,GROUSE CREEK DIVIDE,60.25965,-149.34228,700,213
SNTL    ,WY,09F28S ,944,GUNSIGHT PASS,43.38332,-109.87815,9820,2993
SNTL    ,UT,13M06S ,1065,GUTZ PEAK,37.49617,-113.94235,6763,2061
SNTL    ,CA,19L03S ,508,HAGAN&#039;S MEADOW,38.85185,-119.93742,7776,2370
SNTL    ,WY,10G24S ,509,HAMS FORK,42.146,-110.67833,7840,2390
SNTL    ,MT,14A14S ,510,HAND CREEK,48.30758,-114.84072,5035,1535
SNTL    ,AZ,09S11S ,511,HANNAGAN MEADOWS,33.65387,-109.30952,9020,2749
SNTL    ,WY,06E03S ,512,HANSEN SAWMILL,44.25602,-106.97983,8360,2548
SNTL    ,AZ,11R05S ,969,HAPPY JACK,34.74598,-111.41207,7630,2326
SNTL    ,UT,11J37S ,896,HARDSCRABBLE,40.86898,-111.71935,7250,2210
SNTL    ,UT,12M05S ,514,HARRIS FLAT,37.48995,-112.57602,7787,2373
SNTL    ,OR,19G01S,1218,HART MOUNTAIN AM,42.48,-119.72,6400,1951
SNTL    ,WA,20A05S ,515,HARTS PASS,48.72047,-120.6586,6490,1978
SNTL    ,MT,15A03S ,516,HAWKINS LAKE,48.97242,-115.95332,6450,1966
SNTL    ,UT,10J44S ,517,HAYDEN FORK,40.7967,-110.88488,9212,2808
SNTL    ,CO,05L12S ,1102,HAYDEN PASS,38.29326,-105.8505,10720,3267
SNTL    ,CA,19L24S ,518,HEAVENLY VALLEY,38.92433,-119.91647,8582,2616
SNTL    ,AZ,10R04S ,519,HEBER,34.31202,-110.75431,7640,2329
SNTL    ,ID,15C06S ,520,HEMLOCK BUTTE,46.48111,-115.63361,5810,1771
SNTL    ,UT,10J24 ,521,HEWINTA,40.9501,-110.48417,9519,2901
SNTL    ,UT,10J04S ,522,HICKERSON PARK,40.90662,-109.9629,9145,2787
SNTL    ,ID,16A12S ,988,HIDDEN LAKE,48.8937,-116.75748,5040,1536
SNTL    ,OR,18D19S ,523,HIGH RIDGE,45.69682,-118.10657,4920,1500
SNTL    ,ID,13E27S ,524,HILTS CREEK,44.01897,-113.4723,8000,2438
SNTL    ,WY,09G03S ,525,HOBBS PARK,42.86987,-109.09453,10100,3078
SNTL    ,OR,21E06S ,526,HOGG PASS,44.42042,-121.85655,4790,1460
SNTL    ,NV,15J15S ,527,HOLE-IN-MOUNTAIN,40.9427,-115.09572,7900,2408
SNTL    ,UT,09J08S ,528,HOLE-IN-ROCK,40.9217,-110.18622,9150,2789
SNTL    ,OR,22F42S ,529,HOLLAND MEADOWS,43.66917,-122.56877,4930,1503
SNTL    ,MT,15C10S ,530,HOODOO BASIN,46.97502,-115.03487,6050,1844
SNTL    ,CO,06K01S ,531,HOOSIER PASS,39.36127,-106.05978,11400,3475
SNTL    ,NM,06N14S ,532,HOPEWELL,36.71631,-106.26348,10000,3048
SNTL    ,CA,19L44S ,1050,HORSE MEADOW,38.83652,-119.88732,8557,2608
SNTL    ,UT,10J01S ,533,HORSE RIDGE,41.31367,-111.44583,8160,2487
SNTL    ,CO,05J11S ,1122,HOURGLASS LAKE,40.57913,-105.63068,9380,2859
SNTL    ,ID,13G01S ,534,HOWELL CANYON,42.32111,-113.61556,7980,2432
SNTL    ,WA,21A35S ,991,HOZOMEEN CAMP,48.98075,-121.07976,1690,515
SNTL    ,WA,21B62S ,928,HUCKLEBERRY CREEK,47.06565,-121.58778,2250,686
SNTL    ,ID,15B21S ,535,HUMBOLDT GULCH,47.53178,-115.77643,4250,1295
SNTL    ,UT,11H21S ,1216,HUNTINGTON HORSE,39.61153,-111.30493,9657,2943
SNTL    ,ID,14F16S ,537,HYNDMAN,43.71058,-114.15893,7440,2268
SNTL    ,CO,07M27S ,538,IDARADO,37.93392,-107.6762,9800,2987
SNTL    ,AK,63T01S ,965,IKALUKROK CREEK,68.08333,-163,650,198
SNTL    ,AK,49T01S ,968,IMNAVIAT CREEK,68.61683,-149.30017,3050,930
SNTL    ,CA,20K04S ,539,INDEPENDENCE CAMP,39.4528,-120.29268,7003,2135
SNTL    ,CA,20K03S ,540,INDEPENDENCE CREEK,39.49017,-120.28128,6456,1968
SNTL    ,CA,20K05S ,541,INDEPENDENCE LAKE,39.42752,-120.31342,8352,2546
SNTL    ,AK,49M26S ,1091,INDEPENDENCE MINE,61.79117,-149.27967,3550,1082
SNTL    ,CO,06K04S ,542,INDEPENDENCE PASS,39.07539,-106.61169,10600,3231
SNTL    ,UT,10K01S ,543,INDIAN CANYON,39.89165,-110.74615,9175,2797
SNTL    ,WY,10G22S ,544,INDIAN CREEK,42.30023,-110.67753,9425,2873
SNTL    ,AK,49M08S ,946,INDIAN PASS,61.06767,-149.4795,2350,716
SNTL    ,WA,20D02S ,1129,INDIAN ROCK,45.99077,-120.80767,5360,1634
SNTL    ,OR,21F21S ,545,IRISH TAYLOR,43.80368,-121.94793,5540,1689
SNTL    ,ID,11E10S ,546,ISLAND PARK,44.4203,-111.38512,6290,1917
SNTL    ,CO,06K10S ,547,IVANHOE,39.29202,-106.54923,10400,3170
SNTL    ,NV,16H02S ,548,JACK CREEK UPPER,41.54675,-116.00517,7250,2210
SNTL    ,NV,16H04S ,549,JACKS PEAK,41.53042,-116.01313,8420,2566
SNTL    ,ID,15E09S ,550,JACKSON PEAK,44.05092,-115.44322,7070,2155
SNTL    ,CO,05K26S ,935,JACKWHACKER GULCH,39.56666,-105.8,10960,3341
SNTL    ,NV,14H04S ,1211,JAKES CREEK,41.5687,-115.0324,7000,2134
SNTL    ,CO,05J37S ,551,JOE WRIGHT,40.53215,-105.887,10120,3085
SNTL    ,AK,64P01S ,1036,JOHNSON&#039;S CAMP,64.5646,-164.29257,25,8
SNTL    ,UT,12L20S ,1099,JONES CORRAL,38.07125,-112.16788,9749,2971
SNTL    ,CO,05K21S ,970,JONES PASS,39.7645,-105.90623,10400,3170
SNTL    ,OR,22E07S ,552,JUMP OFF JOE,44.38605,-122.16683,3520,1073
SNTL    ,WA,22C09S ,553,JUNE LAKE,46.14778,-122.15413,3440,1049
SNTL    ,AK,50K07S ,1063,KACHEMAK CREEK,59.72893,-150.66113,1660,506
SNTL    ,NV,14K10S ,1150,KALAMAZOO,39.55828,-114.62748,7965,2428
SNTL    ,AK,50O01S ,1072,KANTISHNA,63.54167,-150.994,1550,472
SNTL    ,WY,10G12S ,554,KELLEY R.S.,42.26888,-110.80558,8180,2493
SNTL    ,AK,50L02S ,966,KENAI MOOSE PENS,60.727,-150.47517,300,91
SNTL    ,WY,10F15S ,555,KENDALL R.S.,43.2493,-110.01662,7740,2359
SNTL    ,UT,11H31S ,1145,KILFOIL CREEK,41.24735,-111.4127,7400,2256
SNTL    ,CO,06K30S ,556,KILN,39.31724,-106.61453,9600,2926
SNTL    ,UT,12L06S ,557,KIMBERLY MINE,38.48405,-112.39275,9129,2783
SNTL    ,OR,23G09S ,558,KING MOUNTAIN,42.72395,-123.20037,4340,1323
SNTL    ,UT,09J01S ,559,KING&#039;S CABIN,40.71648,-109.54383,8724,2659
SNTL    ,WY,09F24S ,560,KIRWIN,43.86067,-109.32163,9550,2911
SNTL    ,UT,11H01S ,1115,KLONDIKE NARROWS,41.96833,-111.59683,7400,2256
SNTL    ,UT,13M05S ,561,KOLOB,37.53,-113.05,9206,2806
SNTL    ,MT,13B22S ,562,KRAFT CREEK,47.42752,-113.77527,4750,1448
SNTL    ,OR,18E18S ,563,LAKE CREEK R.S.,44.21007,-118.63752,5240,1597
SNTL    ,CO,05J41S ,564,LAKE ELDORA,39.93656,-105.5903,9700,2957
SNTL    ,CO,05J10S ,565,LAKE IRENE,40.41432,-105.8198,10700,3261
SNTL    ,UT,10J10S ,566,LAKEFORK #1,40.59723,-110.43308,10415,3174
SNTL    ,UT,10J12S ,1116,LAKEFORK #3,40.55017,-110.3529,8464,2580
SNTL    ,UT,10J25S ,567,LAKEFORK BASIN,40.73783,-110.62083,10966,3342
SNTL    ,MT,11E03S ,568,LAKEVIEW RIDGE,44.58907,-111.82498,7400,2256
SNTL    ,NV,17H07S ,569,LAMANCE CREEK,41.51542,-117.63197,6000,1829
SNTL    ,NV,15J06S ,570,LAMOILLE #3,40.64517,-115.376,7700,2347
SNTL    ,WY,05G04S ,571,LAPRELE CREEK,42.43583,-105.86083,8375,2553
SNTL    ,WY,09G06S ,1134,LARSEN CREEK,42.5801,-109.0883,9000,2743
SNTL    ,UT,09L03S ,572,LASAL MOUNTAIN,38.4824,-109.27167,9560,2914
SNTL    ,UT,09L01S,1215,LASAL MOUNTAIN-LOWER,38.48323,-109.2896,8825,2690
SNTL    ,NV,16H05S ,573,LAUREL DRAW,41.77637,-116.02957,6697,2041
SNTL    ,CA,19L38S ,574,LEAVITT LAKE,38.27603,-119.61182,9617,2931
SNTL    ,CA,19L08S ,575,LEAVITT MEADOWS,38.30377,-119.55017,7198,2194
SNTL    ,NV,15N10S ,1112,LEE CANYON,36.30537,-115.67508,8626,2629
SNTL    ,MT,13E23S ,576,LEMHI RIDGE,44.99385,-113.44408,8100,2469
SNTL    ,WY,10E09S ,577,LEWIS LAKE DIVIDE,44.20862,-110.66628,7850,2393
SNTL    ,NV,16J01S ,1006,LEWIS PEAK,40.35757,-116.86492,7400,2256
SNTL    ,MT,10D13S ,578,LICK CREEK,45.5041,-110.96625,6860,2091
SNTL    ,UT,11H59S ,1056,LIGHTNING RIDGE,41.35883,-111.48747,8215,2504
SNTL    ,UT,10J35S ,579,LILY LAKE,40.86488,-110.79805,9156,2791
SNTL    ,CO,06M23S ,580,LILY POND,37.37929,-106.54835,11000,3353
SNTL    ,MT,04B02S ,581,LINDSAY,47.21415,-105.18702,2871,875
SNTL    ,UT,11H25S ,582,LITTLE BEAR,41.40583,-111.82633,6544,1995
SNTL    ,AK,46Q02S ,947,LITTLE CHENA RIDGE,65.12422,-146.7339,2000,610
SNTL    ,WY,07E40S ,1131,LITTLE GOOSE,44.5431,-107.1779,8870,2704
SNTL    ,UT,13M04S ,583,LITTLE GRASSY,37.4864,-113.846,6100,1859
SNTL    ,OR,22E09S ,584,LITTLE MEADOWS,44.61297,-122.22565,4020,1225
SNTL    ,WY,06H25S ,1047,LITTLE SNAKE RIVER,41.07053,-106.94283,8915,2717
SNTL    ,WY,09F08S ,585,LITTLE WARM,43.50278,-109.752,9370,2856
SNTL    ,CO,07M29S ,586,LIZARD HEAD PASS,37.79926,-107.92426,10200,3109
SNTL    ,CA,19L17S ,587,LOBDELL LAKE,38.43745,-119.36572,9233,2814
SNTL    ,ID,14C05S ,588,LOLO PASS,46.63448,-114.58072,5240,1597
SNTL    ,CO,08M07S ,589,LONE CONE,37.89183,-108.19544,9600,2926
SNTL    ,MT,11D19S ,590,LONE MOUNTAIN,45.27412,-111.42692,8880,2707
SNTL    ,WA,21C26S ,591,LONE PINE,46.27143,-121.96288,3930,1198
SNTL    ,CO,05J27S ,1123,LONG DRAW RESV,40.5123,-105.7656,9980,3042
SNTL    ,UT,13M02S ,592,LONG FLAT,37.51298,-113.39682,8000,2438
SNTL    ,AK,33J01S ,1001,LONG LAKE,58.186,-133.83217,850,259
SNTL    ,ID,16E18S ,1016,LONG VALLEY,44.78835,-116.08878,4890,1490
SNTL    ,UT,12M06S ,593,LONG VALLEY JCT,37.4875,-112.51417,7464,2275
SNTL    ,ID,15B02S ,594,LOOKOUT,47.45792,-115.70577,5140,1567
SNTL    ,NM,07S04S ,595,LOOKOUT MOUNTAIN,33.36027,-107.83122,8500,2591
SNTL    ,UT,11J64S ,596,LOOKOUT PEAK,40.83733,-111.70915,8200,2499
SNTL    ,WY,10F16S ,597,LOOMIS PARK,43.17387,-110.14007,8240,2512
SNTL    ,MT,MA07 ,1179,LOST COULEE,48.9617,-110.8683,3269,996
SNTL    ,UT,11H32S ,1118,LOST CREEK RESV,41.22103,-111.35978,6083,1854
SNTL    ,CO,06J38S ,940,LOST DOG,40.81588,-106.74835,9320,2841
SNTL    ,WA,21C39S ,599,LOST HORSE,46.3575,-121.08095,5120,1561
SNTL    ,ID,15B14S ,600,LOST LAKE,47.07187,-115.95808,6110,1862
SNTL    ,ID,14F03S ,601,LOST-WOOD DIVIDE,43.82432,-114.26402,7900,2408
SNTL    ,UT,11J69S ,972,LOUIS MEADOW,40.83035,-111.76457,6700,2042
SNTL    ,CO,05K05S ,602,LOVELAND BASIN,39.6744,-105.8993,11400,3475
SNTL    ,MT,ME08 ,1180,LOWER TOOTSIE CK,48.7994,-111.0475,3917,1194
SNTL    ,MT,11D11S ,603,LOWER TWIN,45.50872,-111.92282,7900,2408
SNTL    ,MT,13C38S ,604,LUBRECHT FLUME,46.88307,-113.32228,4680,1426
SNTL    ,OR,18D06S ,605,LUCKY STRIKE,45.27478,-118.8479,4970,1515
SNTL    ,WA,20A23S ,606,LYMAN LAKE,48.19798,-120.91678,5980,1823
SNTL    ,WA,21B50S ,1069,LYNN LAKE,47.20172,-121.77972,3900,1189
SNTL    ,CO,06J06S ,607,LYNX PASS,40.07806,-106.67028,8880,2707
SNTL    ,OR,19D03S ,608,MADISON BUTTE,45.10513,-119.49585,5150,1570
SNTL    ,MT,11E31S ,609,MADISON PLATEAU,44.58623,-111.11627,7750,2362
SNTL    ,ID,14G02S ,610,MAGIC MOUNTAIN,42.18072,-114.28662,6880,2097
SNTL    ,UT,11K03S ,612,MAMMOTH-COTTONWOOD,39.68333,-111.31818,8727,2660
SNTL    ,CO,08M02S ,905,MANCOS,37.43087,-108.16954,10000,3048
SNTL    ,MT,13A27S ,613,MANY GLACIER,48.79698,-113.6705,4900,1494
SNTL    ,OR,21E04S ,614,MARION FORKS,44.59397,-121.97365,2590,789
SNTL    ,NV,19K04S ,615,MARLETTE LAKE,39.16395,-119.89672,7880,2402
SNTL    ,WY,09E09S ,616,MARQUETTE,44.30152,-109.2402,8760,2670
SNTL    ,WA,21A09S ,999,MARTEN RIDGE,48.76292,-121.69823,3520,1073
SNTL    ,AZ,09S02S ,617,MAVERICK FORK,33.92121,-109.45881,9200,2804
SNTL    ,AK,42M01S ,1096,MAY CREEK,61.34783,-142.70967,1610,491
SNTL    ,CO,07K09S ,618,MC CLURE PASS,39.12897,-107.28806,9500,2896
SNTL    ,CO,06K44S ,1040,MCCOY PARK,39.60468,-106.54128,9480,2890
SNTL    ,OR,21E07S ,619,MCKENZIE,44.2103,-121.87292,4770,1454
SNTL    ,NM,07S03S ,1048,MCKNIGHT CABIN,33.00812,-107.86975,9240,2816
SNTL    ,AK,51K14S ,1003,MCNEIL CANYON,59.74433,-151.25133,1320,402
SNTL    ,AK,54K01S ,1191,MCNEIL RIV REFUGE,59.08332,-154.27543,140,43
SNTL    ,ID,13E18S ,620,MEADOW LAKE,44.43655,-113.31815,9150,2789
SNTL    ,WA,21B59S ,897,MEADOWS PASS,47.28312,-121.47197,3230,985
SNTL    ,CO,05M16S ,914,MEDANO PASS,37.85164,-105.43614,9649,2941
SNTL    ,UT,12L12S ,621,MERCHANT VALLEY,38.30312,-112.4364,8703,2653
SNTL    ,NV,15H20S ,1207,MERRITT MOUNTAIN,41.8928,-115.8582,7000,2134
SNTL    ,CO,08K04S ,622,MESA LAKES,39.05831,-108.05835,10000,3048
SNTL    ,WA,21A36S ,1011,MF NOOKSACK,48.82453,-121.92951,4970,1515
SNTL    ,ID,16B14S ,623,MICA CREEK,47.15083,-116.26694,4510,1375
SNTL    ,CO,05K28S ,937,MICHIGAN CREEK,39.43577,-105.91078,10600,3231
SNTL    ,NV,16H03S,1206,MIDAS,41.2687,-116.8033,7000,2134
SNTL    ,CO,07M21S ,624,MIDDLE CREEK,37.61978,-107.03482,11250,3429
SNTL    ,AK,50K05S ,1064,MIDDLE FORK BRADLEY,59.77683,-150.75733,2300,701
SNTL    ,CO,06K12S ,1014,MIDDLE FORK CAMP,39.7956,-106.0273,8940,2725
SNTL    ,WY,07F02S ,625,MIDDLE POWDER,43.62728,-107.18138,7760,2365
SNTL    ,UT,12M23S ,626,MIDWAY VALLEY,37.56917,-112.83783,9800,2987
SNTL    ,OR,17D20S ,1079,MILK SHAKES,45.9821,-117.94883,5580,1701
SNTL    ,ID,14E01S ,627,MILL CREEK SUMMIT,44.47212,-114.48992,8800,2682
SNTL    ,UT,11J65S ,628,MILL-D NORTH,40.65882,-111.63683,8967,2733
SNTL    ,OR,23D03S ,1084,MILLER WOODS,45.24755,-123.27563,420,128
SNTL    ,CO,07M14S ,629,MINERAL CREEK,37.84747,-107.72657,10040,3060
SNTL    ,UT,12J07S ,631,MINING FORK,40.49417,-112.61167,8221,2506
SNTL    ,CO,07M12S ,632,MOLAS LAKE,37.74932,-107.68866,10500,3200
SNTL    ,AK,47O01S ,1094,MONAHAN FLAT,63.30533,-147.64633,2710,826
SNTL    ,CA,19L40S ,633,MONITOR PASS,38.66828,-119.60867,8310,2533
SNTL    ,UT,11H57S ,634,MONTE CRISTO,41.46583,-111.49667,8960,2731
SNTL    ,AK,45Q02S ,949,MONUMENT CREEK,65.07833,-145.87067,1850,564
SNTL    ,MT,10D12S ,635,MONUMENT PEAK,45.21762,-110.237,8850,2697
SNTL    ,CO,06M26S ,1124,MOON PASS,37.96661,-106.55837,11140,3395
SNTL    ,ID,13E06S ,636,MOONSHINE,44.4147,-113.39812,7440,2268
SNTL    ,AK,35K02S ,1176,MOORE CREEK BRIDGE,59.58783,-135.2105,2250,686
SNTL    ,ID,13D16S ,638,MOOSE CREEK,45.67008,-113.95315,6200,1890
SNTL    ,AK,48M04S ,1035,MORAINE,61.37727,-148.99917,2100,640
SNTL    ,ID,15F01S ,637,MORES CREEK SUMMIT,43.932,-115.66588,6100,1859
SNTL    ,ID,14E04S ,639,MORGAN CREEK,44.84263,-114.26897,7600,2316
SNTL    ,AZ,11R03S ,640,MORMON MOUNTAIN,34.94109,-111.51849,7500,2286
SNTL    ,AZ,11R12S ,1125,MORMON MTN SUMMIT,34.96964,-111.50922,8500,2591
SNTL    ,WA,21C17S ,642,MORSE LAKE,46.90585,-121.4827,5410,1649
SNTL    ,UT,09J05S ,643,MOSBY MTN.,40.60757,-109.88882,9510,2899
SNTL    ,ID,16C02S ,989,MOSCOW MOUNTAIN,46.805,-116.8535,4700,1433
SNTL    ,WA,19A13S ,644,MOSES MTN,48.36163,-119.08159,5010,1527
SNTL    ,ID,16A04S ,645,MOSQUITO RIDGE,48.05737,-116.23052,5200,1585
SNTL    ,MT,13B24S ,646,MOSS PEAK,47.68493,-113.9623,6780,2067
SNTL    ,OR,17D06S ,647,MOSS SPRINGS,45.27173,-117.68747,5760,1756
SNTL    ,WA,23B06S ,648,MOUNT CRAG,47.7637,-123.026,3960,1207
SNTL    ,WA,21B21S ,898,MOUNT GARDNER,47.35768,-121.56812,2920,890
SNTL    ,MT,12B12S ,649,MOUNT LOCKHART,47.91727,-112.8238,6400,1951
SNTL    ,ID,15D06S ,650,MOUNTAIN MEADOWS,45.69694,-115.22972,6360,1939
SNTL    ,WA,21C40S ,941,MOWICH,46.92833,-121.95232,3160,963
SNTL    ,OR,21D08S ,651,MT HOOD TEST SITE,45.32097,-121.7158,5370,1637
SNTL    ,NV,19K07S ,652,MT ROSE SKI AREA,39.31573,-119.89473,8801,2683
SNTL    ,AK,49L01S ,1103,MT. ALYESKA,60.95983,-149.08617,1540,469
SNTL    ,AK,45L01S ,1073,MT. EYAK,60.55,-145.745,1405,428
SNTL    ,OR,17D18S ,653,MT. HOWARD,45.26522,-117.17373,7910,2411
SNTL    ,AK,46Q01S ,948,MT. RYAN,65.25113,-146.15133,2800,853
SNTL    ,ID,16G07S ,654,MUD FLAT,42.6004,-116.55925,5730,1747
SNTL    ,OR,21D35S ,655,MUD RIDGE,45.25362,-121.73673,4070,1241
SNTL    ,MT,12D11S ,656,MULE CREEK,45.40957,-112.95927,8300,2530
SNTL    ,AK,46P01S ,950,MUNSON RIDGE,64.85033,-146.20945,3100,945
SNTL    ,ID,16A14S ,1053,MYRTLE CREEK,48.72263,-116.46312,3520,1073
SNTL    ,MT,13C31S ,657,N FK ELK CREEK,46.87137,-113.27718,6250,1905
SNTL    ,CO,06K06S ,658,NAST LAKE,39.29722,-106.60694,8700,2652
SNTL    ,NM,08N03S ,1138,NAVAJO WHISKEY CK,36.17728,-108.94691,9050,2758
SNTL    ,MT,12C22S ,903,NEVADA RIDGE,46.8425,-112.50772,7020,2140
SNTL    ,CO,06J27S ,1031,NEVER SUMMER,40.40405,-105.95583,10280,3133
SNTL    ,OR,21F10S ,660,NEW CRESCENT LAKE,43.51185,-121.97982,4910,1497
SNTL    ,WY,09F21S ,661,NEW FORK LAKE,43.11265,-109.94947,8340,2542
SNTL    ,MT,14D02S ,662,NEZ PERCE CAMP,45.73107,-114.48075,5650,1722
SNTL    ,CO,05J42S ,663,NIWOT,40.03579,-105.5452,9910,3021
SNTL    ,MT,13A25S ,664,NOISY BASIN,48.15668,-113.94623,6040,1841
SNTL    ,NM,05N16S ,665,NORTH COSTILLA,36.99378,-105.25963,10600,3231
SNTL    ,OR,22D02S ,666,NORTH FORK,45.5505,-122.00283,3060,933
SNTL    ,MT,13B07S ,667,NORTH FORK JOCKO,47.2726,-113.75617,6330,1929
SNTL    ,WY,06H20S ,668,NORTH FRENCH CREEK,41.3308,-106.37555,10130,3088
SNTL    ,CO,07K01S ,669,NORTH LOST TRAIL,39.07813,-107.14389,9200,2804
SNTL    ,SD,03E05S ,920,NORTH RAPID CREEK,44.20613,-103.78757,6130,1868
SNTL    ,MT,10D07S ,670,NORTHEAST ENTRANCE,45.00568,-110.0141,7350,2240
SNTL    ,AK,46L02S ,1074,NUCHEK,60.331,-146.6591,50,15
SNTL    ,AK,50K06S ,1037,NUKA GLACIER,59.69867,-150.70967,1250,381
SNTL    ,AZ,09S04S ,1127,NUTRIOSO,33.89747,-109.15517,8500,2591
SNTL    ,UT,12K02S ,1146,OAK CREEK,39.3485,-112.1919,7772,2369
SNTL    ,OR,20E02S ,671,OCHOCO MEADOWS,44.42917,-120.3311,5430,1655
SNTL    ,WA,21B55S ,672,OLALLIE MEADOWS,47.37406,-121.44213,4030,1228
SNTL    ,WY,06H10S ,673,OLD BATTLE,41.15397,-106.96937,10000,3048
SNTL    ,MT,10C22S ,1008,ONION PARK,46.91348,-110.8536,7410,2259
SNTL    ,ID,16F07S ,674,ORCHARD RANGE SITE,43.32268,-115.99643,3200,975
SNTL    ,CO,07K14S ,675,OVERLAND RES.,39.09056,-107.63472,9840,2999
SNTL    ,WY,08F01S ,676,OWL CREEK,43.65868,-109.00988,8975,2736
SNTL    ,ID,12G18S ,677,OXFORD SPRING,42.26027,-112.12522,6740,2054
SNTL    ,NM,05N13S ,1170,PALO,36.40848,-105.33063,9350,2850
SNTL    ,WA,21C35S ,679,PARADISE,46.78265,-121.74765,5130,1564
SNTL    ,AK,63P02S ,986,PARGON CREEK,64.9935,-163.10317,100,30
SNTL    ,CO,06L02S ,680,PARK CONE,38.81996,-106.58974,9600,2926
SNTL    ,WA,20A12S ,681,PARK CREEK RIDGE,48.44488,-120.91551,4600,1402
SNTL    ,CO,07K06S ,682,PARK RESERVOIR,39.04644,-107.87414,9960,3036
SNTL    ,WY,09E07S ,683,PARKER PEAK,44.73403,-109.91482,9400,2865
SNTL    ,UT,11J52S ,684,PARLEY&#039;S SUMMIT,40.762,-111.6285,7500,2286
SNTL    ,UT,11J68S ,971,PARRISH CREEK,40.9342,-111.81372,7740,2359
SNTL    ,UT,11K52S ,686,PAYSON R.S.,39.92972,-111.63083,8066,2459
SNTL    ,OR,21D14S ,687,PEAVINE RIDGE,45.04148,-121.93252,3420,1042
SNTL    ,WA,21C42S ,1104,PEPPER CREEK,46.10242,-121.95555,2140,652
SNTL    ,MT,13C36S ,930,PETERSON MEADOWS,46.12588,-113.30792,7200,2195
SNTL    ,CO,05J04S ,688,PHANTOM VALLEY,40.39937,-105.84757,9030,2752
SNTL    ,WY,10F23S ,689,PHILLIPS BENCH,43.51948,-110.91103,8200,2499
SNTL    ,MT,11C02S ,690,PICKFOOT CREEK,46.57978,-111.26832,6650,2027
SNTL    ,UT,11K39S ,691,PICKLE KEG,39.01218,-111.58255,9600,2926
SNTL    ,ID,15C05S ,1142,PIERCE R.S.,46.495,-115.79612,3080,939
SNTL    ,WA,21C33S ,692,PIGTAIL PEAK,46.62153,-121.38643,5800,1768
SNTL    ,MT,13A26S ,693,PIKE CREEK,48.30302,-113.32872,5930,1807
SNTL    ,UT,12L15S ,694,PINE CREEK,38.96533,-112.24902,8790,2679
SNTL    ,ID,11F02S ,695,PINE CREEK PASS,43.56998,-111.21157,6720,2048
SNTL    ,MT,10D24S ,696,PLACER BASIN,45.41907,-110.08838,8830,2691
SNTL    ,WY,09G11S ,1133,POCKET CREEK,42.7121,-109.4112,9360,2853
SNTL    ,AK,50M03S ,1002,POINT MACKENZIE,61.3898,-150.02667,250,76
SNTL    ,CA,19L06S ,697,POISON FLAT,38.50553,-119.62612,7736,2358
SNTL    ,NV,15H14S ,698,POLE CREEK R.S.,41.87306,-115.24694,8330,2539
SNTL    ,MT,15A12S ,932,POORMAN CREEK,48.12672,-115.62333,5100,1554
SNTL    ,WA,20B24S ,699,POPE RIDGE,47.9909,-120.56622,3590,1094
SNTL    ,MT,10C03S ,700,PORCUPINE,46.11192,-110.4696,6500,1981
SNTL    ,CO,06L03S ,701,PORPHYRY CREEK,38.48884,-106.33965,10760,3280
SNTL    ,AK,51K15S ,987,PORT GRAHAM,59.35065,-151.84768,300,91
SNTL    ,AK,48L05S ,1075,PORT SAN JUAN,60.05277,-148.0659,50,15
SNTL    ,WA,21C14S ,702,POTATO HILL,46.34963,-121.51435,4510,1375
SNTL    ,WY,07E06S ,703,POWDER RIVER PASS,44.16188,-107.12622,9480,2890
SNTL    ,ID,15F06S ,704,PRAIRIE,43.50513,-115.573,4800,1463
SNTL    ,AZ,11R10S ,705,PROMONTORY,34.36824,-111.01084,7930,2417
SNTL    ,AK,48V01S ,1177,PRUDHOE BAY,70.26666,-148.56666,30,9
SNTL    ,OR,20G06S ,706,QUARTZ MOUNTAIN,42.31923,-120.82533,5720,1743
SNTL    ,WA,17B04S ,707,QUARTZ PEAK,47.87927,-117.08938,4700,1433
SNTL    ,NM,06P01S ,708,QUEMAZON,35.92244,-106.39203,9500,2896
SNTL    ,CO,06J09S ,709,RABBIT EARS,40.36783,-106.74038,9400,2865
SNTL    ,ID,17B06S ,1081,RAGGED MOUNTAIN,47.85583,-117.03667,4210,1283
SNTL    ,OR,22F05S ,710,RAILROAD OVERPASS,43.65887,-122.21272,2680,817
SNTL    ,NV,15N11S ,1110,RAINBOW CANYON,36.2493,-115.62972,7975,2431
SNTL    ,WA,20A09S ,711,RAINY PASS,48.51865,-120.7358,4890,1490
SNTL    ,CO,06J20S ,1032,RAWAH,40.7075,-106.0076,9020,2749
SNTL    ,OR,21D04S ,712,RED HILL,45.4643,-121.70428,4410,1344
SNTL    ,CO,07M33S ,713,RED MOUNTAIN PASS,37.89164,-107.7139,11200,3414
SNTL    ,UT,11K28S ,714,RED PINE RIDGE,39.45195,-111.27218,9009,2746
SNTL    ,NM,05N11S ,715,RED RIVER PASS #2,36.69925,-105.34125,9850,3002
SNTL    ,UT,11K36S,1217,REES FLAT,39.49672,-111.7252,7211,2198
SNTL    ,WY,06G02S ,716,RENO HILL,42.57111,-106.08889,8400,2560
SNTL    ,WA,21B17S ,911,REX RIVER,47.30218,-121.60475,3810,1161
SNTL    ,ID,16F08S ,2029,REYNOLDS CREEK,43.067,-116.75462,5600,1707
SNTL    ,AK,45O10S ,1178,RHOADS CREEK,63.931,-145.33333,1225,373
SNTL    ,NM,08P03S ,933,RICE PARK,35.23333,-108.26667,8460,2579
SNTL    ,CO,07J05S ,717,RIPPLE CREEK,40.10812,-107.29411,10340,3152
SNTL    ,CO,06J12S ,718,ROACH,40.87502,-106.04603,9700,2957
SNTL    ,OR,22F43S ,719,ROARING RIVER,43.90098,-122.03063,4950,1509
SNTL    ,NV,15J16S,1199,ROBINSON LAKE,40.7237,-115.2788,9200,2804
SNTL    ,UT,10J18S ,720,ROCK CREEK,40.54885,-110.69283,7889,2405
SNTL    ,OR,18F01S ,721,ROCK SPRINGS,44.00883,-118.83842,5290,1612
SNTL    ,MT,12C11S ,722,ROCKER PEAK,46.35618,-112.26177,8000,2438
SNTL    ,UT,12J06S ,723,ROCKY BASIN-SETTLEME,40.4425,-112.22398,8900,2713
SNTL    ,MT,09A01S ,917,ROCKY BOY,48.17478,-109.64728,4700,1433
SNTL    ,AK,63P01S ,973,ROCKY POINT,64.53482,-163.4214,250,76
SNTL    ,OR,20G19S ,1219,ROGGER MEADOW AM,42.17,-120.25,6360,1939
SNTL    ,CO,06K43S ,939,ROUGH AND TUMBLE,39.03333,-106.08333,10360,3158
SNTL    ,CA,20L02S ,724,RUBICON #2,38.9992,-120.13032,7689,2344
SNTL    ,MT,10C08S ,725,S FORK SHIELDS,46.08967,-110.4336,8100,2469
SNTL    ,MT,10D10S ,929,SACAJAWEA,45.87395,-110.92783,6550,1996
SNTL    ,OR,23D01S ,726,SADDLE MOUNTAIN,45.54477,-123.37315,3110,948
SNTL    ,MT,13D22S ,727,SADDLE MTN.,45.6926,-113.9682,7940,2420
SNTL    ,WY,07H06S ,1015,SAGE CREEK BASIN,41.401,-107.25717,7850,2393
SNTL    ,AK,48U01S ,1183,SAGWON,69.42417,-148.6925,1000,305
SNTL    ,CO,06L05S ,1100,SAINT ELMO,38.69978,-106.36801,10540,3213
SNTL    ,WA,19A02S ,728,SALMON MEADOWS,48.65518,-119.8383,4460,1359
SNTL    ,OR,22F04S ,729,SALT CREEK FALLS,43.61193,-122.11758,4220,1286
SNTL    ,WY,10G08S ,730,SALT RIVER SUMMIT,42.5075,-110.90995,7760,2365
SNTL    ,NM,06N15S ,1172,SAN ANTONIO SINK,36.8622,-106.22502,9100,2774
SNTL    ,WY,06H23S ,731,SAND LAKE,41.46257,-106.28107,10050,3063
SNTL    ,WY,07H03S ,732,SANDSTONE RS,41.11172,-107.1706,8150,2484
SNTL    ,NM,05P09S ,922,SANTA FE,35.76694,-105.78333,11445,3488
SNTL    ,OR,21E05S ,733,SANTIAM JCT.,44.43503,-121.94502,3740,1140
SNTL    ,CO,06L13S ,1128,SARGENTS MESA,38.28555,-106.37069,11530,3514
SNTL    ,WA,21B51S ,734,SASSE RIDGE,47.38485,-121.06323,4340,1323
SNTL    ,ID,14C04S ,735,SAVAGE PASS,46.46633,-114.63333,6170,1881
SNTL    ,WA,21B31S ,1068,SAWMILL RIDGE,47.15992,-121.42172,4640,1414
SNTL    ,OR,17D08S ,736,SCHNEIDER MEADOWS,45.00107,-117.16522,5400,1646
SNTL    ,CO,07K11S ,737,SCHOFIELD PASS,39.01522,-107.04877,10700,3261
SNTL    ,ID,13E16S ,915,SCHWARTZ LAKE,44.84618,-113.83732,8540,2603
SNTL    ,ID,16A10S ,738,SCHWEITZER BASIN,48.37428,-116.63917,6090,1856
SNTL    ,CO,08M08S ,739,SCOTCH CREEK,37.64556,-108.00786,9100,2774
SNTL    ,AK,47L01S ,1087,SEAL ISLAND,60.42668,-147.40334,20,6
SNTL    ,ID,15D01S ,740,SECESH SUMMIT,45.1885,-115.97305,6520,1987
SNTL    ,ID,11G30S ,741,SEDGWICK PEAK,42.52497,-111.95635,7850,2393
SNTL    ,UT,11K09S ,742,SEELEY CREEK,39.31042,-111.43297,9910,3021
SNTL    ,OR,23D02S ,743,SEINE CREEK,45.52688,-123.29857,2060,628
SNTL    ,NM,06P10S ,744,SENORITA DIVIDE #2,36.00198,-106.83348,8600,2621
SNTL    ,WA,18A21S ,1043,SENTINEL BUTTE,48.86133,-118.39843,4680,1426
SNTL    ,OR,22G33S ,745,SEVENMILE MARSH,42.69825,-122.14165,5700,1737
SNTL    ,NV,15H03S ,746,SEVENTYSIX CREEK,41.73732,-115.47215,7100,2164
SNTL    ,ID,15C04S ,747,SHANGHI SUMMIT,46.56611,-115.74194,4570,1393
SNTL    ,CO,08M04S ,1060,SHARKSTOOTH,37.50357,-108.11373,10720,3267
SNTL    ,WA,22C10S ,748,SHEEP CANYON,46.19325,-122.25393,3990,1216
SNTL    ,ID,11F11S ,749,SHEEP MTN.,43.20933,-111.68777,6570,2003
SNTL    ,NV,19H05S ,750,SHELDON,41.9045,-119.4436,5860,1786
SNTL    ,WY,07E23S ,751,SHELL CREEK,44.50008,-107.4294,9580,2920
SNTL    ,OR,20G10S,1220,SHERMAN VALLEY AM,42.35,-120.22,6630,2021
SNTL    ,ID,16C01S ,752,SHERWIN,46.95028,-116.33972,3200,975
SNTL    ,MT,11E39S ,753,SHORT CREEK,44.97572,-111.95215,7000,2134
SNTL    ,MT,10D16S ,754,SHOWER FALLS,45.40125,-110.95758,8100,2469
SNTL    ,NM,05N23S ,1169,SHUREE,36.78778,-105.23999,10100,3078
SNTL    ,NM,05R01S ,1034,SIERRA BLANCA,33.40472,-105.78722,10280,3133
SNTL    ,NM,08T01S ,755,SIGNAL PEAK,32.92401,-108.14538,8360,2548
SNTL    ,OR,21F12S ,756,SILVER CREEK,42.95615,-121.18123,5740,1750
SNTL    ,NM,08S08S ,757,SILVER CREEK DIVIDE,33.37106,-108.70618,9000,2743
SNTL    ,NV,14K07S ,1205,SILVER CREEK NV,39.2334,-114.2427,8000,2438
SNTL    ,OR,18G01S ,759,SILVIES,42.75333,-118.68785,6990,2131
SNTL    ,MT,13C03S ,760,SKALKAHO SUMMIT,46.24212,-113.7725,7250,2210
SNTL    ,WA,21B60S ,912,SKOOKUM CREEK,47.68433,-121.61007,3310,1009
SNTL    ,MT,14B05S ,783,SLEEPING WOMAN,47.17902,-114.33368,6150,1875
SNTL    ,ID,11G05S ,761,SLUG CREEK DIVIDE,42.56248,-111.29797,7225,2202
SNTL    ,CO,07M30S ,762,SLUMGULLION,37.9908,-107.20327,11440,3487
SNTL    ,ID,13F13S ,926,SMILEY MOUNTAIN,43.72718,-113.83402,9520,2902
SNTL    ,UT,11J53S ,763,SMITH &amp; MOREHOUSE,40.79,-111.1177,7600,2316
SNTL    ,OR,22E11S ,1167,SMITH RIDGE,44.3018,-122.0936,3330,1015
SNTL    ,WY,10E12S ,764,SNAKE RIVER STATION,44.13361,-110.66917,6920,2109
SNTL    ,WY,10G13S ,765,SNIDER BASIN,42.4949,-110.53203,8060,2457
SNTL    ,OR,19F01S ,767,SNOW MOUNTAIN,43.94885,-119.54013,6230,1899
SNTL    ,UT,11J42S ,766,SNOWBIRD,40.564,-111.655,9640,2938
SNTL    ,AZ,11P08S ,927,SNOWSLIDE CANYON,35.3416,-111.65058,9730,2966
SNTL    ,NV,16H11S ,1208,SNOWSTORM MTN,41.3398,-116.9806,7420,2262
SNTL    ,WY,07E05S ,1132,SOLDIER PARK,44.3456,-107.0221,8720,2658
SNTL    ,ID,14F11S ,769,SOLDIER R.S.,43.48407,-114.82692,5740,1750
SNTL    ,ID,11G01S ,770,SOMSEN RANCH,42.95275,-111.35933,6800,2073
SNTL    ,CA,19L07S ,771,SONORA PASS,38.3103,-119.59942,8827,2690
SNTL    ,WA,17C06S ,985,SOURDOUGH GULCH,46.23718,-117.39438,4000,1219
SNTL    ,WY,06H19S ,772,SOUTH BRUSH CREEK,41.32943,-106.50248,8440,2573
SNTL    ,CO,05M13S ,773,SOUTH COLONY,37.96811,-105.53787,10800,3292
SNTL    ,OR,22D03S ,925,SOUTH FORK BULL RUN,45.44575,-122.03125,2690,820
SNTL    ,ID,16G01S ,774,SOUTH MTN.,42.76478,-116.90037,6500,1981
SNTL    ,WY,08G03S ,775,SOUTH PASS,42.57317,-108.84325,9040,2755
SNTL    ,WA,21C20S ,776,SPENCER MEADOW,46.1795,-121.92661,3400,1036
SNTL    ,WA,22C12S ,777,SPIRIT LAKE,46.26113,-122.1772,3520,1073
SNTL    ,UT,10J55S ,1117,SPIRIT LK,40.83878,-110.00523,10223,3116
SNTL    ,CA,19L39S ,778,SPRATT CREEK,38.66625,-119.81755,6115,1864
SNTL    ,WY,10G20S ,779,SPRING CREEK DIVIDE,42.52535,-110.6615,9000,2743
SNTL    ,WA,17C04S ,984,SPRUCE SPRINGS,46.18287,-117.54155,5700,1737
SNTL    ,CO,07M11S ,780,SPUD MOUNTAIN,37.69866,-107.77715,10660,3249
SNTL    ,MT,10C06S ,781,SPUR PARK,46.77962,-110.62165,8100,2469
SNTL    ,ID,16E05S ,782,SQUAW FLAT,44.77083,-116.24861,6240,1902
SNTL    ,UT,12L05S ,1156,SQUAW SPRINGS,38.49728,-112.00683,9105,2775
SNTL    ,CA,20K30S ,784,SQUAW VALLEY G.C.,39.18998,-120.26475,8029,2447
SNTL    ,WY,09F27S ,786,ST. LAWRENCE ALT,43.03313,-109.17025,8620,2627
SNTL    ,NV,15H19S,1203,STAG MOUNTAIN,41.4081,-115.4466,7800,2377
SNTL    ,MT,14A12S ,787,STAHL PEAK,48.90902,-114.86302,6030,1838
SNTL    ,WA,21B10S ,788,STAMPEDE PASS,47.27427,-121.34162,3850,1173
SNTL    ,OR,19E07S ,789,STARR RIDGE,44.26423,-119.02162,5250,1600
SNTL    ,UT,10J20S ,790,STEEL CREEK PARK,40.90855,-110.50472,10200,3109
SNTL    ,WA,21B01S ,791,STEVENS PASS,47.74607,-121.09288,3950,1204
SNTL    ,ID,14F02S ,792,STICKNEY MILL,43.86117,-114.20902,7430,2265
SNTL    ,CO,05J12S ,793,STILLWATER CREEK,40.22543,-105.91977,8720,2658
SNTL    ,OR,20G09S ,794,STRAWBERRY,42.12587,-120.8361,5770,1759
SNTL    ,UT,11J08S ,795,STRAWBERRY DIVIDE,40.19,-111.22,8123,2476
SNTL    ,AK,44L01S ,1088,STRAWBERRY REEF,60.2308,-144.861,30,9
SNTL    ,MT,10C23S ,1009,STRINGER CREEK,46.9269,-110.90198,6550,1996
SNTL    ,MT,13C01S ,901,STUART MOUNTAIN,46.99513,-113.92658,7400,2256
SNTL    ,CO,07M34S ,797,STUMP LAKES,37.47621,-107.63295,11200,3414
SNTL    ,WY,07E12S ,798,SUCKER CREEK,44.7225,-107.40033,8880,2707
SNTL    ,AK,46M04S ,1095,SUGARLOAF MTN,61.081,-146.2995,550,168
SNTL    ,OR,20G02S ,800,SUMMER RIM,42.6957,-120.80158,7080,2158
SNTL    ,AK,49L19S ,955,SUMMIT CREEK,60.61713,-149.53128,1400,427
SNTL    ,OR,22F14S ,801,SUMMIT LAKE,43.44907,-122.13808,5610,1710
SNTL    ,NV,18H02S ,1194,SUMMIT LK,41.48872,-118.99588,7649,2331
SNTL    ,CA,19L42S ,1052,SUMMIT MEADOW,38.39747,-119.53522,9313,2839
SNTL    ,CO,06K14S ,802,SUMMIT RANCH,39.71796,-106.15802,9400,2865
SNTL    ,OR,21G17S ,1078,SUN PASS,42.78637,-121.97715,5400,1646
SNTL    ,ID,15B09S ,803,SUNSET,47.55545,-115.82422,5540,1689
SNTL    ,WA,21C13S ,804,SURPRISE LAKES,46.09497,-121.76345,4290,1308
SNTL    ,AK,50N07S ,967,SUSITNA VALLEY HIGH,62.13333,-150.04167,375,114
SNTL    ,WA,20A41S ,975,SWAMP CREEK,48.57142,-120.78267,3930,1198
SNTL    ,OR,21G16S ,1077,SWAN LAKE MTN,42.41323,-121.68002,6830,2082
SNTL    ,ID,13F09S ,805,SWEDE PEAK,43.626,-113.96887,7640,2329
SNTL    ,WA,22C13S ,1012,SWIFT CREEK,46.1638,-122.18402,4440,1353
SNTL    ,WY,10E06S ,806,SYLVAN LAKE,44.47792,-110.15535,8420,2566
SNTL    ,WY,10E20S ,807,SYLVAN ROAD,44.47835,-110.03805,7120,2170
SNTL    ,MT,11D26S ,808,TABLE MOUNTAIN,45.80272,-111.58655,4474,1364
SNTL    ,CA,20K27S ,809,TAHOE CITY CROSS,39.17162,-120.15362,6797,2072
SNTL    ,NM,05N14S ,1168,TAOS POWDERHORN,36.58203,-105.45611,11057,3370
SNTL    ,AK,46L01S ,1076,TATITLEK,60.86107,-146.677,50,15
SNTL    ,OR,21G03S ,810,TAYLOR BUTTE,42.69108,-121.42592,5030,1533
SNTL    ,NV,15H09S ,811,TAYLOR CANYON,41.22933,-116.02883,6200,1890
SNTL    ,OR,17D07S ,812,TAYLOR GREEN,45.07707,-117.55067,5740,1750
SNTL    ,UT,11H58S ,1013,TEMPLE FORK,41.7931,-111.54605,7406,2257
SNTL    ,NV,15J22S ,1202,TENT MTN LOWER,40.9785,-115.1722,7000,2134
SNTL    ,NV,15J23S ,1201,TENT MTN UPPER,40.9653,-115.1646,7000,2134
SNTL    ,MT,11E24S ,813,TEPEE CREEK,44.78562,-111.71,8000,2438
SNTL    ,AK,45P03S ,951,TEUCHET CREEK,64.94583,-145.51667,1640,500
SNTL    ,UT,11J56S ,814,THAYNES CANYON,40.6236,-111.53322,9230,2813
SNTL    ,OR,21E13S ,815,THREE CREEKS MEADOW,44.14425,-121.64095,5690,1734
SNTL    ,WY,10E07S ,816,THUMB DIVIDE,44.36888,-110.57825,7980,2432
SNTL    ,WA,20A07S ,817,THUNDER BASIN,48.52753,-120.9895,4320,1317
SNTL    ,WY,07E39S ,818,TIE CREEK,44.81243,-107.41017,6870,2094
SNTL    ,WY,09E03S ,819,TIMBER CREEK,44.02742,-109.17872,7950,2423
SNTL    ,UT,10K06S ,1097,TIMBERLINE,39.67712,-110.43395,8684,2647
SNTL    ,UT,11J21S ,820,TIMPANOGOS DIVIDE,40.42817,-111.61633,8140,2481
SNTL    ,WA,21B20S ,899,TINKHAM CREEK,47.33198,-121.46975,2990,911
SNTL    ,OR,18E09S ,821,TIPTON,44.65567,-118.42617,5150,1570
SNTL    ,MT,11C04S ,893,TIZER BASIN,46.34937,-111.85308,6880,2097
SNTL    ,NV,16H07S ,1136,TOE JAM,41.32185,-116.33807,7750,2362
SNTL    ,WY,10F09S ,822,TOGWOTEE PASS,43.74902,-110.0578,9580,2920
SNTL    ,OR,22F45S ,1044,TOKETEE AIRSTRIP,43.22718,-122.42537,3240,988
SNTL    ,AK,50N05S ,1089,TOKOSITNA VALLEY,62.63,-150.77617,850,259
SNTL    ,NM,05N19S ,934,TOLBY,36.47493,-105.19468,10180,3103
SNTL    ,UT,11H36S ,823,TONY GROVE LAKE,41.89837,-111.62957,8386,2556
SNTL    ,UT,11H03S ,1113,TONY GROVE RS,41.88467,-111.56882,6250,1905
SNTL    ,WA,17C05S ,824,TOUCHET,46.11868,-117.8505,5530,1686
SNTL    ,CO,06J29S ,825,TOWER,40.53743,-106.6765,10500,3200
SNTL    ,WY,08G07S ,826,TOWNSEND CREEK,42.69525,-108.89572,8700,2652
SNTL    ,CO,07K13S ,827,TRAPPER LAKE,39.99884,-107.2362,9700,2957
SNTL    ,NM,05N04S ,1083,TRES RITOS,36.12778,-105.52714,8600,2621
SNTL    ,UT,10J52S ,828,TRIAL LAKE,40.67815,-110.94873,9992,3046
SNTL    ,CO,05M08S ,829,TRINCHERA,37.35328,-105.23233,10860,3310
SNTL    ,WA,20A46S ,1171,TRINITY,48.0747,-120.8493,2930,893
SNTL    ,ID,15F05S ,830,TRINITY MTN.,43.62903,-115.43818,7770,2368
SNTL    ,WY,10G15S ,831,TRIPLE PEAK,42.76393,-110.5914,8500,2591
SNTL    ,WA,20B25S ,832,TROUGH,47.23328,-120.29412,5480,1670
SNTL    ,UT,09J16S ,833,TROUT CREEK,40.73833,-109.67317,9518,2901
SNTL    ,NV,15H11S ,1200,TROUT CREEK UPPER,41.0439,-115.0955,7000,2134
SNTL    ,CA,20K13S ,834,TRUCKEE #2,39.30087,-120.18407,6509,1984
SNTL    ,AK,49L13S ,954,TURNAGAIN PASS,60.78043,-149.18325,1880,573
SNTL    ,MT,14C13S ,835,TWELVEMILE CREEK,46.14295,-114.4476,5600,1707
SNTL    ,MT,14C12S ,836,TWIN LAKES,46.1426,-114.50535,6400,1951
SNTL    ,WY,10E17S ,837,TWO OCEAN PLATEAU,44.15178,-110.22122,9240,2816
SNTL    ,CO,05J08S ,838,UNIVERSITY CAMP,40.03278,-105.5761,10300,3139
SNTL    ,AK,44Q07S ,952,UPPER CHENA,65.1,-144.93317,2850,869
SNTL    ,AK,46Q07S ,1090,UPPER NOME CREEK,65.3671,-146.592,2520,768
SNTL    ,CO,07M16S ,839,UPPER RIO GRANDE,37.72194,-107.26015,9400,2865
SNTL    ,MT,ME11 ,1181,UPPER SAGE CK,48.8939,-111.0935,4408,1344
SNTL    ,CO,06M03S ,840,UPPER SAN JUAN,37.48576,-106.83535,10200,3109
SNTL    ,CO,06L14S ,1141,UPPER TAYLOR,38.99077,-106.75422,10640,3243
SNTL    ,AK,45M07S ,1055,UPPER TSAINA RIVER,61.19112,-145.64807,1750,533
SNTL    ,WA,20B07S ,841,UPPER WHEELER,47.28734,-120.37015,4330,1320
SNTL    ,UT,11H60S ,1098,USU DOC DANIEL,41.90035,-111.50978,8270,2521
SNTL    ,CO,05M17S ,1005,UTE CREEK,37.61497,-105.37327,10650,3246
SNTL    ,NV,15K04S ,1137,VACARRO SPRING,39.44953,-115.98335,7860,2396
SNTL    ,NM,06N16S ,1017,VACAS LOCAS,36.02635,-106.81362,9306,2836
SNTL    ,CO,06K39S ,842,VAIL MOUNTAIN,39.61676,-106.38006,10300,3139
SNTL    ,CO,07M31S ,843,VALLECITO,37.4851,-107.5068,10880,3316
SNTL    ,ID,16E14S ,979,VAN WYCK,44.37665,-116.3366,4920,1500
SNTL    ,UT,12K01S ,844,VERNON CREEK,39.93658,-112.41422,7401,2256
SNTL    ,ID,14F04S ,845,VIENNA MINE,43.79942,-114.85273,8960,2731
SNTL    ,CA,19L13S ,846,VIRGINIA LAKES RIDGE,38.07298,-119.23433,9445,2879
SNTL    ,CO,07M37S ,1188,WAGER GULCH,37.88248,-107.3643,11100,3383
SNTL    ,MT,12B13S ,847,WALDRON,47.91998,-112.79087,5600,1707
SNTL    ,CA,20K25S ,848,WARD CREEK #3,39.13562,-120.21763,6655,2028
SNTL    ,NV,14K05S ,849,WARD MOUNTAIN,39.13242,-114.95575,9200,2804
SNTL    ,MT,13C43S ,850,WARM SPRINGS,46.27368,-113.164,7800,2377
SNTL    ,WA,23B17S ,974,WATERHOLE,47.94485,-123.42594,5010,1527
SNTL    ,WY,06H09S ,852,WEBBER SPRINGS,41.15946,-106.92714,9250,2819
SNTL    ,UT,12M03S ,853,WEBSTER FLAT,37.574,-112.90033,9170,2795
SNTL    ,WA,21A31S ,909,WELLS CREEK,48.8661,-121.78976,4030,1228
SNTL    ,CO,07M36S ,1160,WEMINUCHE CREEK,37.51976,-107.32152,10740,3274
SNTL    ,NM,05P08S ,854,WESNER SPRINGS,35.77556,-105.5425,11120,3389
SNTL    ,ID,16D08S ,855,WEST BRANCH,45.0722,-116.45413,5560,1695
SNTL    ,MT,11E07S ,924,WEST YELLOWSTONE,44.65833,-111.09198,6700,2042
SNTL    ,NV,14L04S ,1147,WHEELER PEAK,39.00995,-114.31007,10147,3093
SNTL    ,CO,05M14S ,857,WHISKEY CK,37.21411,-105.12245,10220,3115
SNTL    ,MT,11E30S ,858,WHISKEY CREEK,44.61088,-111.14998,6800,2073
SNTL    ,WY,06H22S ,859,WHISKEY PARK,41.00289,-106.90848,8950,2728
SNTL    ,ID,11E36S ,860,WHITE ELEPHANT,44.53267,-111.41085,7710,2350
SNTL    ,AZ,12P02S ,861,WHITE HORSE LAKE,35.14202,-112.14915,7180,2188
SNTL    ,MT,09D08S ,862,WHITE MILL,45.04575,-109.90987,8700,2652
SNTL    ,WA,21C28S ,863,WHITE PASS E.S.,46.64142,-121.38153,4440,1353
SNTL    ,UT,10K02S ,864,WHITE RIVER #1,39.96433,-110.9875,8641,2634
SNTL    ,NV,15L01S ,1213,WHITE RIVER NV,38.94565,-115.37918,7440,2268
SNTL    ,UT,11M03S ,865,WIDTSOE #3,37.83648,-111.88147,9640,2938
SNTL    ,CO,05J05S ,1042,WILD BASIN,40.20105,-105.60248,9560,2914
SNTL    ,AZ,09S18S ,866,WILDCAT,33.75835,-109.47973,7850,2393
SNTL    ,ID,12G17S ,867,WILDHORSE DIVIDE,42.75743,-112.47783,6490,1978
SNTL    ,WY,10G23S ,868,WILLOW CREEK,42.81513,-110.83515,8380,2554
SNTL    ,CO,06J05S ,869,WILLOW CREEK PASS,40.34703,-106.09433,9540,2908
SNTL    ,CO,05J40S ,870,WILLOW PARK,40.43254,-105.73337,10700,3261
SNTL    ,ID,15G02S ,871,WILSON CREEK,42.01257,-115.00278,7120,2170
SNTL    ,WY,05G05S ,872,WINDY PEAK,42.2802,-105.57816,7900,2408
SNTL    ,OR,18D21S ,873,WOLF CREEK,45.06703,-118.15192,5630,1716
SNTL    ,CO,06M17S ,874,WOLF CREEK SUMMIT,37.47922,-106.8017,11000,3353
SNTL    ,WY,09E08S ,875,WOLVERINE,44.80428,-109.65702,7650,2332
SNTL    ,MT,12B17S ,876,WOOD CREEK,47.44847,-112.81428,5960,1817
SNTL    ,AZ,10S01S ,877,WORKMAN CREEK,33.81242,-110.91773,6900,2103
SNTL    ,WY,09F18S ,878,YOUNTS PEAK,43.93203,-109.81783,8350,2545
SNTL    ,CO,06J19S ,1033,ZIRKEL,40.79488,-106.59535,9340,2847
